Dataset,RQ,Model,Parameter,F1 Score,Accuracy,Precision,Recall
1,1,svm,0.001,0.33518225039619653,0.5041716328963052,0.2520858164481526,0.5
1,1,svm,0.01,0.6695847806954083,0.6764004767580453,0.6900179461307988,0.6752491930350972
1,1,svm,0.5,0.6820142350498111,0.6865315852205006,0.6959404324765401,0.6855848790689216
1,1,svm,1.0,0.6890583379479658,0.6930870083432658,0.7018819069791736,0.6921855110020003
1,1,svm,5.0,0.7039256283385378,0.7061978545887961,0.7113876382574844,0.7055160597381342
1,1,svm,10.0,0.7071085977163136,0.7085816448152562,0.7117990618721768,0.7080392457719585
1,1,svm,20.0,0.6974602952893103,0.698450536352801,0.7002614942528735,0.698021799418076
1,1,svm_rbf,0.001,0.33518225039619653,0.5041716328963052,0.2520858164481526,0.5
1,1,svm_rbf,0.01,0.6695847806954083,0.6764004767580453,0.6900179461307988,0.6752491930350972
1,1,svm_rbf,0.5,0.6820142350498111,0.6865315852205006,0.6959404324765401,0.6855848790689216
1,1,svm_rbf,1.0,0.6890583379479658,0.6930870083432658,0.7018819069791736,0.6921855110020003
1,1,svm_rbf,5.0,0.7039256283385378,0.7061978545887961,0.7113876382574844,0.7055160597381342
1,1,svm_rbf,10.0,0.7071085977163136,0.7085816448152562,0.7117990618721768,0.7080392457719585
1,1,svm_rbf,20.0,0.6974602952893103,0.698450536352801,0.7002614942528735,0.698021799418076
1,1,randomforest,10.0,0.6667203181854844,0.666865315852205,0.6674938795739415,0.6670857769594472
1,1,randomforest,25.0,0.7032257328358379,0.7044100119189511,0.7067970956030658,0.7039319649027096
1,1,randomforest,50.0,0.6994471022104494,0.700834326579261,0.7036140089418778,0.7003162506819423
1,1,randomforest,100.0,0.7090824208683666,0.7109654350417163,0.7153411380042092,0.7103436420258229
1,1,randomforest,200.0,0.7013960126507268,0.7038140643623361,0.7092624984447844,0.703112213584288
1,1,randomforest,500.0,0.6968655218174407,0.700238379022646,0.7079298273683337,0.699406994453537
1,1,gradientboosting,10.0,0.6908389914360777,0.6942789034564958,0.701715205897298,0.6934471040189125
1,1,gradientboosting,25.0,0.6904342947767033,0.6942789034564958,0.7027144348426929,0.6933973790689216
1,1,gradientboosting,50.0,0.7011219847826056,0.7044100119189511,0.7121786898839138,0.7035838902527732
1,1,gradientboosting,100.0,0.7072758528172676,0.7097735399284862,0.7157512202775005,0.7090522140389162
1,1,gradientboosting,200.0,0.7043404294861142,0.7061978545887961,0.7103147323212872,0.7055856746681215
1,1,gradientboosting,500.0,0.6979392872654125,0.699642431466031,0.7031373231268847,0.6990646026550282
1,1,extratrees,10.0,0.6709902091582947,0.6710369487485102,0.6713486501552919,0.671183112838698
1,1,extratrees,25.0,0.6846387574032151,0.6865315852205006,0.6900036585790776,0.685932953718858
1,1,extratrees,50.0,0.6947066503991952,0.6960667461263409,0.6986560753706184,0.6955582833242407
1,1,extratrees,100.0,0.6977147170847202,0.699642431466031,0.7036778560960291,0.6990248226950355
1,1,extratrees,200.0,0.6943389027778375,0.6972586412395709,0.7036076858754667,0.6964916916712129
1,1,extratrees,500.0,0.7041035323667675,0.7067938021454112,0.713120415216778,0.7060474063466085
1,2,svm,0.001,0.16261808367071526,0.32262382864792505,0.10754127621597502,0.3333333333333333
1,2,svm,0.01,0.16261808367071526,0.32262382864792505,0.10754127621597502,0.3333333333333333
1,2,svm,0.5,0.33264446065321346,0.3360107095046854,0.3340062715062715,0.3373040736496529
1,2,svm,1.0,0.34501374684418556,0.3453815261044177,0.34529194264391405,0.3451527666440177
1,2,svm,5.0,0.3419303243864647,0.3427041499330656,0.3421312171828416,0.3421171216881238
1,2,svm,10.0,0.3518137104736612,0.3534136546184739,0.351931538560927,0.35240438102032207
1,2,svm,20.0,0.35985149866489285,0.3614457831325301,0.36006826386609775,0.3604420426430199
1,2,svm_rbf,0.001,0.16261808367071526,0.32262382864792505,0.10754127621597502,0.3333333333333333
1,2,svm_rbf,0.01,0.16261808367071526,0.32262382864792505,0.10754127621597502,0.3333333333333333
1,2,svm_rbf,0.5,0.33264446065321346,0.3360107095046854,0.3340062715062715,0.3373040736496529
1,2,svm_rbf,1.0,0.34501374684418556,0.3453815261044177,0.34529194264391405,0.3451527666440177
1,2,svm_rbf,5.0,0.3419303243864647,0.3427041499330656,0.3421312171828416,0.3421171216881238
1,2,svm_rbf,10.0,0.3518137104736612,0.3534136546184739,0.351931538560927,0.35240438102032207
1,2,svm_rbf,20.0,0.35985149866489285,0.3614457831325301,0.36006826386609775,0.3604420426430199
1,2,randomforest,10.0,0.3300740008306471,0.3319946452476573,0.3309943268895161,0.3314686541074179
1,2,randomforest,25.0,0.3432821968966198,0.34404283801874164,0.3435613345946702,0.3436446271061935
1,2,randomforest,50.0,0.3455453349915925,0.3467202141900937,0.34591806932232466,0.3460220050433853
1,2,randomforest,100.0,0.33549258565179124,0.3360107095046854,0.3358067806868545,0.3360402770539888
1,2,randomforest,200.0,0.3480343833598978,0.34805890227576974,0.34803025971550844,0.34813844071249234
1,2,randomforest,500.0,0.3402157609019958,0.34002677376171353,0.3401803896286069,0.340398010769634
1,2,gradientboosting,10.0,0.39120529409519444,0.3949129852744311,0.39703051478274975,0.3931285577375239
1,2,gradientboosting,25.0,0.3978903923501398,0.39759036144578314,0.39890282678063893,0.3973948006372326
1,2,gradientboosting,50.0,0.3843367796435544,0.38420348058902276,0.3845981926627087,0.38425518057289243
1,2,gradientboosting,100.0,0.3695721894274235,0.36947791164658633,0.36960927881811706,0.36960742097072813
1,2,gradientboosting,200.0,0.3600989533635593,0.36010709504685406,0.3599572394716583,0.36053936915947693
1,2,gradientboosting,500.0,0.38171281573365173,0.3815261044176707,0.3819148936170213,0.3823166473148354
1,2,extratrees,10.0,0.37022495709300296,0.37215528781793844,0.373634527367739,0.3710903373140808
1,2,extratrees,25.0,0.32556476601318124,0.32663989290495316,0.32558064512202095,0.32592508443232004
1,2,extratrees,50.0,0.3019613633256743,0.3038821954484605,0.3018194255792437,0.30329516720351873
1,2,extratrees,100.0,0.3415887761425884,0.3413654618473896,0.3414827232208692,0.34173116574666845
1,2,extratrees,200.0,0.36098277526713346,0.3614457831325301,0.3610422367380542,0.3610086675498459
1,2,extratrees,500.0,0.340083765164719,0.34002677376171353,0.34026724094888694,0.3400008373149562
1,5,svm,0.001,0.18218565035368847,0.37604290822407627,0.1253476360746921,0.3333333333333333
1,5,svm,0.01,0.18218565035368847,0.37604290822407627,0.1253476360746921,0.3333333333333333
1,5,svm,0.5,0.3595955608483123,0.4094159713945173,0.40543760394341555,0.3874040151255696
1,5,svm,1.0,0.3812243729694998,0.4201430274135876,0.4234678486779327,0.4006278426484009
1,5,svm,5.0,0.4071538176378866,0.4266984505363528,0.4207372669321205,0.4137837100787139
1,5,svm,10.0,0.4156136050485164,0.4308700834326579,0.4256228464715011,0.41967063610187316
1,5,svm,20.0,0.42002973100979596,0.4308700834326579,0.4258971279461415,0.42190234658246956
1,5,svm_rbf,0.001,0.18218565035368847,0.37604290822407627,0.1253476360746921,0.3333333333333333
1,5,svm_rbf,0.01,0.18218565035368847,0.37604290822407627,0.1253476360746921,0.3333333333333333
1,5,svm_rbf,0.5,0.3595955608483123,0.4094159713945173,0.40543760394341555,0.3874040151255696
1,5,svm_rbf,1.0,0.3812243729694998,0.4201430274135876,0.4234678486779327,0.4006278426484009
1,5,svm_rbf,5.0,0.4071538176378866,0.4266984505363528,0.4207372669321205,0.4137837100787139
1,5,svm_rbf,10.0,0.4156136050485164,0.4308700834326579,0.4256228464715011,0.41967063610187316
1,5,svm_rbf,20.0,0.42002973100979596,0.4308700834326579,0.4258971279461415,0.42190234658246956
1,5,randomforest,10.0,0.4121905370676244,0.4272943980929678,0.42129917021040075,0.41594173489123176
1,5,randomforest,25.0,0.4190585773629425,0.433253873659118,0.4282437851478551,0.42206054575970103
1,5,randomforest,50.0,0.42406076002307436,0.44159713945172824,0.4395062261863088,0.4290488529148037
1,5,randomforest,100.0,0.41371275149226605,0.433849821215733,0.43173938272948176,0.4201734041600345
1,5,randomforest,200.0,0.4300027995513109,0.45172824791418353,0.45284977945376825,0.4374541155520106
1,5,randomforest,500.0,0.42709733815729933,0.4475566150178784,0.4473133176068522,0.4335884508545058
1,5,gradientboosting,10.0,0.3026871116843331,0.39690107270560193,0.41648430550859783,0.3664781055360704
1,5,gradientboosting,25.0,0.35901640698113096,0.4129916567342074,0.41628542628959525,0.38987318357659156
1,5,gradientboosting,50.0,0.3973578741897524,0.43563766388557806,0.44472474700004033,0.41662376537476725
1,5,gradientboosting,100.0,0.4134672471871304,0.4410011918951132,0.44549580095197233,0.42496802274733536
1,5,gradientboosting,200.0,0.4271861494141617,0.44576877234803336,0.44380593262946205,0.43343122813202095
1,5,gradientboosting,500.0,0.4328984377451726,0.44517282479141834,0.44124332755616685,0.43553410640838025
1,5,extratrees,10.0,0.41086534421427595,0.42908224076281287,0.42305342154272013,0.4162162383197052
1,5,extratrees,25.0,0.4106115220878701,0.4272943980929678,0.4208055414837329,0.4157527542324499
1,5,extratrees,50.0,0.4283115857052713,0.4475566150178784,0.44657889740121665,0.43407047407368116
1,5,extratrees,100.0,0.42925820477043214,0.44934445768772346,0.44792458612627667,0.4358230906993423
1,5,extratrees,200.0,0.4187238829471096,0.4398092967818832,0.43802029505804496,0.42584487910986574
1,5,extratrees,500.0,0.4354415390569448,0.4582836710369487,0.4600862382211788,0.4435686153534757
2,1,svm,0.001,0.33518225039619653,0.5041716328963052,0.2520858164481526,0.5
2,1,svm,0.01,0.3651153991676126,0.5083432657926102,0.53893712181005,0.5044155755591926
2,1,svm,0.5,0.41506283827171814,0.5131108462455304,0.5283577825530699,0.5097304623567921
2,1,svm,1.0,0.415372846733236,0.5125148986889154,0.526222352519626,0.509149390798327
2,1,svm,5.0,0.512342091129145,0.5292014302741359,0.5319006835860769,0.5276868521549373
2,1,svm,10.0,0.5072800063024157,0.5113230035756854,0.5125648355534599,0.5121144185306419
2,1,svm,20.0,0.5061340224686838,0.5113230035756854,0.5127954396618444,0.5122138684306237
2,1,svm_rbf,0.001,0.33518225039619653,0.5041716328963052,0.2520858164481526,0.5
2,1,svm_rbf,0.01,0.3651153991676126,0.5083432657926102,0.53893712181005,0.5044155755591926
2,1,svm_rbf,0.5,0.41506283827171814,0.5131108462455304,0.5283577825530699,0.5097304623567921
2,1,svm_rbf,1.0,0.415372846733236,0.5125148986889154,0.526222352519626,0.509149390798327
2,1,svm_rbf,5.0,0.512342091129145,0.5292014302741359,0.5319006835860769,0.5276868521549373
2,1,svm_rbf,10.0,0.5072800063024157,0.5113230035756854,0.5125648355534599,0.5121144185306419
2,1,svm_rbf,20.0,0.5061340224686838,0.5113230035756854,0.5127954396618444,0.5122138684306237
2,1,randomforest,10.0,0.68765958535161,0.6877234803337307,0.6881344599977239,0.6878906960356428
2,1,randomforest,25.0,0.6949699988464528,0.6966626936829559,0.7000327537655961,0.6960896299327151
2,1,randomforest,50.0,0.7127990962927464,0.7139451728247914,0.716466893332565,0.7134677895981087
2,1,randomforest,100.0,0.7077097349133683,0.7097735399284862,0.7145809188515448,0.7091218289689034
2,1,randomforest,200.0,0.694619230565304,0.6972586412395709,0.7029176201372997,0.6965314716312057
2,1,randomforest,500.0,0.7075761943898209,0.7103694874851013,0.7171942903579126,0.7096034506273868
2,1,gradientboosting,10.0,0.6948608475648324,0.698450536352801,0.7065673938356978,0.6975941648481543
2,1,gradientboosting,25.0,0.6948608475648324,0.698450536352801,0.7065673938356978,0.6975941648481543
2,1,gradientboosting,50.0,0.69731166927683,0.700238379022646,0.7067862913262548,0.6994666643935261
2,1,gradientboosting,100.0,0.7037347682445318,0.7061978545887961,0.7118882809238138,0.7054862247681397
2,1,gradientboosting,200.0,0.7026799557032115,0.7044100119189511,0.7081374767873723,0.7038225700127296
2,1,gradientboosting,500.0,0.6969004213781966,0.698450536352801,0.7015446674537584,0.6979024595380978
2,1,extratrees,10.0,0.6547785162641708,0.6549463647199046,0.6555930682279536,0.6551759410801964
2,1,extratrees,25.0,0.6954702871186835,0.6966626936829559,0.698888980105629,0.6961890798326968
2,1,extratrees,50.0,0.6908568980291345,0.6924910607866508,0.6955940095208312,0.6919326241134751
2,1,extratrees,100.0,0.6970269028554674,0.6990464839094159,0.7032805401872723,0.6984139161665757
2,1,extratrees,200.0,0.6970910841385002,0.699642431466031,0.7052111057697945,0.6989253727950537
2,1,extratrees,500.0,0.6985152014069419,0.701430274135876,0.7080220102303976,0.700658642480451
2,2,svm,0.001,0.16261808367071526,0.32262382864792505,0.10754127621597502,0.3333333333333333
2,2,svm,0.01,0.16261808367071526,0.32262382864792505,0.10754127621597502,0.3333333333333333
2,2,svm,0.5,0.30303191895571474,0.34404283801874164,0.340379347835785,0.350427699571826
2,2,svm,1.0,0.30100897567041773,0.3413654618473896,0.3378577214146381,0.3476559147342771
2,2,svm,5.0,0.3070782055133591,0.3427041499330656,0.34618167767573543,0.34860019591959607
2,2,svm,10.0,0.3097713742809279,0.3427041499330656,0.34944684944684945,0.3483835401343495
2,2,svm,20.0,0.30747155421068467,0.34002677376171353,0.3447579768788335,0.3456617261842198
2,2,svm_rbf,0.001,0.16261808367071526,0.32262382864792505,0.10754127621597502,0.3333333333333333
2,2,svm_rbf,0.01,0.16261808367071526,0.32262382864792505,0.10754127621597502,0.3333333333333333
2,2,svm_rbf,0.5,0.30303191895571474,0.34404283801874164,0.340379347835785,0.350427699571826
2,2,svm_rbf,1.0,0.30100897567041773,0.3413654618473896,0.3378577214146381,0.3476559147342771
2,2,svm_rbf,5.0,0.3070782055133591,0.3427041499330656,0.34618167767573543,0.34860019591959607
2,2,svm_rbf,10.0,0.3097713742809279,0.3427041499330656,0.34944684944684945,0.3483835401343495
2,2,svm_rbf,20.0,0.30747155421068467,0.34002677376171353,0.3447579768788335,0.3456617261842198
2,2,randomforest,10.0,0.3127871154105601,0.31593038821954483,0.3153627058373176,0.31522664596419486
2,2,randomforest,25.0,0.35257246254305824,0.35475234270414996,0.3557932632267955,0.35476513801788356
2,2,randomforest,50.0,0.34447531848467117,0.3453815261044177,0.3470953740296832,0.3453415839764113
2,2,randomforest,100.0,0.34511037208092815,0.3453815261044177,0.34503653072074125,0.3456332825476092
2,2,randomforest,200.0,0.33371173290574935,0.33467202141900937,0.33460470085470084,0.33405162161257307
2,2,randomforest,500.0,0.33614471280629576,0.3360107095046854,0.33619239483741725,0.3362986040636922
2,2,gradientboosting,10.0,0.39093118029867147,0.3908969210174029,0.39092937988203413,0.3911208390077416
2,2,gradientboosting,25.0,0.3789035590437276,0.3788487282463186,0.37885157904614614,0.3789893037877436
2,2,gradientboosting,50.0,0.3826530153057848,0.3828647925033467,0.3826854812465837,0.384122018532499
2,2,gradientboosting,100.0,0.36831671127087096,0.36813922356091033,0.3685304499802247,0.3686159354523108
2,2,gradientboosting,200.0,0.3602523167455802,0.36010709504685406,0.3611571017702197,0.36100881884578534
2,2,gradientboosting,500.0,0.3660781510689924,0.3668005354752343,0.3678160204337404,0.36808559995723944
2,2,extratrees,10.0,0.331000218475327,0.3333333333333333,0.3318981577146969,0.3327712040772786
2,2,extratrees,25.0,0.29966030016697404,0.30120481927710846,0.29967670346535513,0.3001151426940088
2,2,extratrees,50.0,0.34638610291261074,0.3467202141900937,0.3462906126523629,0.34658309684156974
2,2,extratrees,100.0,0.3339819278015568,0.3333333333333333,0.334270156431409,0.33404347324555017
2,2,extratrees,200.0,0.33652511698676396,0.3373493975903614,0.33684528868846986,0.336717931566642
2,2,extratrees,500.0,0.3039315679550246,0.3038821954484605,0.30407904282388615,0.3038368931214576
2,5,svm,0.001,0.18218565035368847,0.37604290822407627,0.1253476360746921,0.3333333333333333
2,5,svm,0.01,0.18218565035368847,0.37604290822407627,0.1253476360746921,0.3333333333333333
2,5,svm,0.5,0.19969208049052467,0.3766388557806913,0.24476074048201188,0.3358190880067818
2,5,svm,1.0,0.19969208049052467,0.3766388557806913,0.24476074048201188,0.3358190880067818
2,5,svm,5.0,0.20246177623226805,0.37842669845053634,0.257776829528483,0.3376648730813962
2,5,svm,10.0,0.2027133193165024,0.37902264600715135,0.26104125431753794,0.33819313509935706
2,5,svm,20.0,0.2037110951738058,0.37842669845053634,0.24405558166720898,0.337795372591762
2,5,svm_rbf,0.001,0.18218565035368847,0.37604290822407627,0.1253476360746921,0.3333333333333333
2,5,svm_rbf,0.01,0.18218565035368847,0.37604290822407627,0.1253476360746921,0.3333333333333333
2,5,svm_rbf,0.5,0.19969208049052467,0.3766388557806913,0.24476074048201188,0.3358190880067818
2,5,svm_rbf,1.0,0.19969208049052467,0.3766388557806913,0.24476074048201188,0.3358190880067818
2,5,svm_rbf,5.0,0.20246177623226805,0.37842669845053634,0.257776829528483,0.3376648730813962
2,5,svm_rbf,10.0,0.2027133193165024,0.37902264600715135,0.26104125431753794,0.33819313509935706
2,5,svm_rbf,20.0,0.2037110951738058,0.37842669845053634,0.24405558166720898,0.337795372591762
2,5,randomforest,10.0,0.41134198352508217,0.4272943980929678,0.4185565924142083,0.4154303118932701
2,5,randomforest,25.0,0.4059160276099636,0.42193087008343266,0.414462326605471,0.41069477846690655
2,5,randomforest,50.0,0.4138909426998772,0.432657926102503,0.42646475764744496,0.4201555886852886
2,5,randomforest,100.0,0.4338690640480715,0.4535160905840286,0.45328818520075354,0.4399603294610805
2,5,randomforest,200.0,0.42459740945715313,0.4445768772348033,0.44534068768269547,0.4309444970038258
2,5,randomforest,500.0,0.4323376748837189,0.4541120381406436,0.45300667209260786,0.44017175507076906
2,5,gradientboosting,10.0,0.3020722324354002,0.398688915375447,0.4150699343112007,0.3676713930588556
2,5,gradientboosting,25.0,0.36926400571268303,0.41835518474374256,0.4356181728221953,0.39611358621805365
2,5,gradientboosting,50.0,0.4004651376991803,0.43504171632896305,0.44810713284673187,0.417099524617445
2,5,gradientboosting,100.0,0.41461714880205375,0.43921334922526817,0.44195540867814453,0.424688231797111
2,5,gradientboosting,200.0,0.43289692815775377,0.44874851013110845,0.45032772962306095,0.43760120128480295
2,5,gradientboosting,500.0,0.4282220573658138,0.4404052443384982,0.43595258012560395,0.43078601222322965
2,5,extratrees,10.0,0.39300230515626433,0.40822407628128726,0.4000992509036927,0.3974102312828012
2,5,extratrees,25.0,0.38143823216604106,0.4022646007151371,0.39284396354195145,0.3891555221435641
2,5,extratrees,50.0,0.41363120675620674,0.4362336114421931,0.43333479555532745,0.42167128574146157
2,5,extratrees,100.0,0.4235446048247819,0.4463647199046484,0.44086837753424657,0.4319567351504554
2,5,extratrees,200.0,0.4269707708906389,0.4499404052443385,0.4487979227647138,0.43504371385276935
2,5,extratrees,500.0,0.4146089453345856,0.4410011918951132,0.4383785292585561,0.4249359792076737
3,1,svm,0.001,0.32919005613472335,0.4907352062163778,0.2453676031081889,0.5
3,1,svm,0.01,0.6686136541801441,0.675433353257621,0.6966051017255837,0.6783244125736964
3,1,svm,0.5,0.690091028813731,0.6939629408248655,0.7084197374932825,0.6962731525163977
3,1,svm,1.0,0.6937898484095293,0.6969515839808726,0.7092986553879175,0.699074471187662
3,1,svm,5.0,0.7038136800803729,0.7059175134488942,0.715182749837095,0.7077221755216643
3,1,svm,10.0,0.7070187123556668,0.7083084279737,0.7146176122153481,0.7097815271654286
3,1,svm,20.0,0.7095021289560579,0.7101016138673042,0.7136716037954177,0.7111875475344964
3,1,svm_rbf,0.001,0.32919005613472335,0.4907352062163778,0.2453676031081889,0.5
3,1,svm_rbf,0.01,0.6686136541801441,0.675433353257621,0.6966051017255837,0.6783244125736964
3,1,svm_rbf,0.5,0.690091028813731,0.6939629408248655,0.7084197374932825,0.6962731525163977
3,1,svm_rbf,1.0,0.6937898484095293,0.6969515839808726,0.7092986553879175,0.699074471187662
3,1,svm_rbf,5.0,0.7038136800803729,0.7059175134488942,0.715182749837095,0.7077221755216643
3,1,svm_rbf,10.0,0.7070187123556668,0.7083084279737,0.7146176122153481,0.7097815271654286
3,1,svm_rbf,20.0,0.7095021289560579,0.7101016138673042,0.7136716037954177,0.7111875475344964
3,1,randomforest,10.0,0.6699404710847301,0.6700537955768081,0.6699404710847301,0.6699404710847301
3,1,randomforest,25.0,0.687951952434517,0.689181111775254,0.6945529266854638,0.6905811646166075
3,1,randomforest,50.0,0.6992377357921853,0.7005379557680813,0.7065778046790705,0.7019973066168019
3,1,randomforest,100.0,0.7093734746030378,0.7106993424985056,0.7172492023067241,0.7121954218204067
3,1,randomforest,200.0,0.7066177950265919,0.7083084279737,0.7161596700744453,0.7099587986710356
3,1,randomforest,500.0,0.7117833805022455,0.7136879856545129,0.7226698483997754,0.7154399192556884
3,1,gradientboosting,10.0,0.6946896777869643,0.6969515839808726,0.7062155564651516,0.6987864049910506
3,1,gradientboosting,25.0,0.6970351881273597,0.6993424985056784,0.7089185778965338,0.7012002996460288
3,1,gradientboosting,50.0,0.7057083296611191,0.7077106993424985,0.7167080763713267,0.709482738901946
3,1,gradientboosting,100.0,0.7116312741312741,0.7130902570233114,0.7202747189873864,0.7146536343517867
3,1,gradientboosting,200.0,0.7079038835560575,0.7089061566049014,0.7141049719735022,0.7102354279963173
3,1,gradientboosting,500.0,0.7058426250900169,0.7065152420800956,0.7103141850995929,0.7076442618357321
3,1,extratrees,10.0,0.6689090847276872,0.6694560669456067,0.66954242326852,0.6689325967988197
3,1,extratrees,25.0,0.6855515828378596,0.6867901972504483,0.6921113465613562,0.6881894288998301
3,1,extratrees,50.0,0.7046101557729465,0.7053197848176928,0.7092423351192219,0.7064705529155444
3,1,extratrees,100.0,0.704422055984556,0.7059175134488942,0.7129116163616678,0.7074784272014547
3,1,extratrees,200.0,0.6995641255502305,0.7011356843992828,0.708191161356629,0.702717114706101
3,1,extratrees,500.0,0.7070826764647196,0.7089061566049014,0.7172960399778163,0.710612129945732
3,2,svm,0.001,0.16379018612521154,0.32570659488559894,0.10856886496186631,0.3333333333333333
3,2,svm,0.01,0.16379018612521154,0.32570659488559894,0.10856886496186631,0.3333333333333333
3,2,svm,0.5,0.36476431206321247,0.3674293405114401,0.36821015167869175,0.3697044151589606
3,2,svm,1.0,0.3601363101217286,0.360699865410498,0.35977110333703816,0.3617324526415436
3,2,svm,5.0,0.34163320933964747,0.34185733512786004,0.3420999915654521,0.34172543263452354
3,2,svm,10.0,0.34544591928673435,0.34589502018842533,0.3468235044772956,0.34549602731420914
3,2,svm,20.0,0.331068891277138,0.3310901749663526,0.3324401290056955,0.33052533052533056
3,2,svm_rbf,0.001,0.16379018612521154,0.32570659488559894,0.10856886496186631,0.3333333333333333
3,2,svm_rbf,0.01,0.16379018612521154,0.32570659488559894,0.10856886496186631,0.3333333333333333
3,2,svm_rbf,0.5,0.36476431206321247,0.3674293405114401,0.36821015167869175,0.3697044151589606
3,2,svm_rbf,1.0,0.3601363101217286,0.360699865410498,0.35977110333703816,0.3617324526415436
3,2,svm_rbf,5.0,0.34163320933964747,0.34185733512786004,0.3420999915654521,0.34172543263452354
3,2,svm_rbf,10.0,0.34544591928673435,0.34589502018842533,0.3468235044772956,0.34549602731420914
3,2,svm_rbf,20.0,0.331068891277138,0.3310901749663526,0.3324401290056955,0.33052533052533056
3,2,randomforest,10.0,0.3344968062547153,0.3364737550471063,0.3356907092363308,0.3381143835689291
3,2,randomforest,25.0,0.3362748767196167,0.3364737550471063,0.3382680673665524,0.33739111011838285
3,2,randomforest,50.0,0.3451075701931707,0.3472409152086137,0.34799345247773833,0.34931448567812207
3,2,randomforest,100.0,0.3605813257784758,0.360699865410498,0.36056665881227284,0.3617324526415435
3,2,randomforest,200.0,0.3268611975311574,0.32705248990578734,0.32774192071531466,0.32774923684014595
3,2,randomforest,500.0,0.33923356062146715,0.3391655450874832,0.340263746447613,0.33996511269238544
3,2,gradientboosting,10.0,0.3595338347612514,0.3755047106325707,0.3913840703078268,0.37733601369965003
3,2,gradientboosting,25.0,0.363288380939808,0.36608344549125166,0.3715784977358982,0.36706127615218526
3,2,gradientboosting,50.0,0.37446140042253945,0.37415881561238223,0.37945832709477867,0.37469287469287466
3,2,gradientboosting,100.0,0.3640292641193182,0.3633916554508748,0.36656767485195996,0.36421604603422786
3,2,gradientboosting,200.0,0.3518743448673161,0.351278600269179,0.35421912967015073,0.35227139772594324
3,2,gradientboosting,500.0,0.3530256484425149,0.35262449528936746,0.3550649128458332,0.35274471638108
3,2,extratrees,10.0,0.3460623606836173,0.3472409152086137,0.3496381986489229,0.34868162140889414
3,2,extratrees,25.0,0.3224669829732905,0.32301480484522205,0.3225333711696689,0.3241594605230969
3,2,extratrees,50.0,0.337304738921488,0.33781965006729475,0.3403463563132905,0.33903974813065724
3,2,extratrees,100.0,0.3135472013679845,0.3135935397039031,0.31599672779192006,0.3138847229756321
3,2,extratrees,200.0,0.32420125323769167,0.3243606998654105,0.32414382069531583,0.32463277917823374
3,2,extratrees,500.0,0.3282124340274856,0.3283983849259758,0.3285224604276707,0.32858419222055585
3,5,svm,0.001,0.1806826434277415,0.3717872086072923,0.1239290695357641,0.3333333333333333
3,5,svm,0.01,0.1806826434277415,0.3717872086072923,0.1239290695357641,0.3333333333333333
3,5,svm,0.5,0.35670729348002367,0.41063956963538556,0.40771476095623377,0.38869280311491644
3,5,svm,1.0,0.3712809710868891,0.41123729826658695,0.41094035777161175,0.3925872365891148
3,5,svm,5.0,0.42385864299295967,0.44231918708906154,0.4386047308364187,0.43018937352349584
3,5,svm,10.0,0.4203352598182098,0.43454871488344293,0.42846954509580515,0.4244810030301229
3,5,svm,20.0,0.41687053338056385,0.42797369994022716,0.42149184234492293,0.41948695608864806
3,5,svm_rbf,0.001,0.1806826434277415,0.3717872086072923,0.1239290695357641,0.3333333333333333
3,5,svm_rbf,0.01,0.1806826434277415,0.3717872086072923,0.1239290695357641,0.3333333333333333
3,5,svm_rbf,0.5,0.35670729348002367,0.41063956963538556,0.40771476095623377,0.38869280311491644
3,5,svm_rbf,1.0,0.3712809710868891,0.41123729826658695,0.41094035777161175,0.3925872365891148
3,5,svm_rbf,5.0,0.42385864299295967,0.44231918708906154,0.4386047308364187,0.43018937352349584
3,5,svm_rbf,10.0,0.4203352598182098,0.43454871488344293,0.42846954509580515,0.4244810030301229
3,5,svm_rbf,20.0,0.41687053338056385,0.42797369994022716,0.42149184234492293,0.41948695608864806
3,5,randomforest,10.0,0.3752150434355723,0.3873281530185296,0.37929021072992725,0.3787459990273649
3,5,randomforest,25.0,0.4090077853289251,0.4237895995218171,0.4204024835317847,0.41339151802185065
3,5,randomforest,50.0,0.4051527797722429,0.42319187089061566,0.4173694138417279,0.41151990803126964
3,5,randomforest,100.0,0.4103418912810999,0.42976688583383144,0.42511695903342495,0.41739072852432274
3,5,randomforest,200.0,0.4261265294389662,0.44530783024506876,0.44306076404105127,0.4327855654725587
3,5,randomforest,500.0,0.4311165592769732,0.45307830245068736,0.45269366133127403,0.43934053202557316
3,5,gradientboosting,10.0,0.3024764019195173,0.4046622833233712,0.44733416012474025,0.37431484090783335
3,5,gradientboosting,25.0,0.359523984243441,0.4136282127913927,0.423353157711082,0.39147377446701775
3,5,gradientboosting,50.0,0.40244799681924803,0.4363419007770472,0.4504144905121019,0.4186917413329622
3,5,gradientboosting,100.0,0.40824628416077774,0.43215780035863716,0.43814002018758574,0.4178931575659579
3,5,gradientboosting,200.0,0.4367292292276479,0.4536760310818888,0.45198186074533897,0.4421009865645071
3,5,gradientboosting,500.0,0.43983790257411665,0.452480573819486,0.4485957964568131,0.4429264137442745
3,5,extratrees,10.0,0.4058195591096552,0.4202032277346085,0.412184489662,0.41023040342373523
3,5,extratrees,25.0,0.4110448965908419,0.4255827854154214,0.4205219692811166,0.41537482936811565
3,5,extratrees,50.0,0.4115911198226967,0.4309623430962343,0.4268390532435476,0.4186884072537888
3,5,extratrees,100.0,0.42509562706747284,0.4435146443514644,0.4432551125843818,0.431255149386309
3,5,extratrees,200.0,0.4198912198912199,0.4411237298266587,0.4375948617332395,0.4279243887666419
3,5,extratrees,500.0,0.4239417804249291,0.4447101016138673,0.4441875254297043,0.43153352364986947
4,1,svm,0.001,0.32919005613472335,0.4907352062163778,0.2453676031081889,0.5
4,1,svm,0.01,0.3540247115471972,0.4919306634787806,0.5059551282051282,0.5006640533415678
4,1,svm,0.5,0.3946324818647506,0.4967124925283921,0.5152454103750255,0.5044946904324853
4,1,svm,1.0,0.3978277179525698,0.49731022115959356,0.5162398385274892,0.5050150680779766
4,1,svm,5.0,0.40136646885274674,0.4931261207411835,0.5015449988407512,0.5005525438461055
4,1,svm,10.0,0.4034925935314118,0.4913329348475792,0.4963765677234076,0.4986147089602168
4,1,svm,20.0,0.5131398999383574,0.5146443514644351,0.5161172161172161,0.5158515036626581
4,1,svm_rbf,0.001,0.32919005613472335,0.4907352062163778,0.2453676031081889,0.5
4,1,svm_rbf,0.01,0.3540247115471972,0.4919306634787806,0.5059551282051282,0.5006640533415678
4,1,svm_rbf,0.5,0.3946324818647506,0.4967124925283921,0.5152454103750255,0.5044946904324853
4,1,svm_rbf,1.0,0.3978277179525698,0.49731022115959356,0.5162398385274892,0.5050150680779766
4,1,svm_rbf,5.0,0.40136646885274674,0.4931261207411835,0.5015449988407512,0.5005525438461055
4,1,svm_rbf,10.0,0.4034925935314118,0.4913329348475792,0.4963765677234076,0.4986147089602168
4,1,svm_rbf,20.0,0.5131398999383574,0.5146443514644351,0.5161172161172161,0.5158515036626581
4,1,randomforest,10.0,0.6840822282305481,0.6843992827256425,0.6843544419082205,0.6840471370651844
4,1,randomforest,25.0,0.6927985310150915,0.6939629408248655,0.6992744534702271,0.6953424771119613
4,1,randomforest,50.0,0.7064584371759395,0.7071129707112971,0.7108505765762114,0.7082311162958261
4,1,randomforest,100.0,0.6981761499623581,0.6993424985056784,0.7048465829846583,0.7007349619438106
4,1,randomforest,200.0,0.7039900687020265,0.7059175134488942,0.7145286686103012,0.7076556987070617
4,1,randomforest,500.0,0.7127833040260203,0.7142857142857143,0.7217009249743063,0.7158716611483762
4,1,gradientboosting,10.0,0.6946896777869643,0.6969515839808726,0.7062155564651516,0.6987864049910506
4,1,gradientboosting,25.0,0.6976056054037705,0.6999402271368799,0.7096517882868032,0.7018093130443236
4,1,gradientboosting,50.0,0.701010761341444,0.702928870292887,0.711334963137491,0.7046549495919896
4,1,gradientboosting,100.0,0.7068251287001288,0.7083084279737,0.715365983903574,0.709870162918232
4,1,gradientboosting,200.0,0.710496079622096,0.7112970711297071,0.7157462773214129,0.7125163690220904
4,1,gradientboosting,500.0,0.7052932330827067,0.7059175134488942,0.7095038022153547,0.7070130894992366
4,1,extratrees,10.0,0.6711504427308933,0.671249252839211,0.6711443070545351,0.6711584978813196
4,1,extratrees,25.0,0.6865205996736153,0.6873879258816498,0.6914654146468898,0.688599011854317
4,1,extratrees,50.0,0.6883767046936209,0.689181111775254,0.693081237529581,0.6903595752345988
4,1,extratrees,100.0,0.6976427962856184,0.698744769874477,0.7039917803427772,0.700103789607315
4,1,extratrees,200.0,0.7052409745987285,0.7065152420800956,0.7126927316800735,0.7079766459087452
4,1,extratrees,500.0,0.7072456040183208,0.7089061566049014,0.7166732871371615,0.7105456531311294
4,2,svm,0.001,0.16379018612521154,0.32570659488559894,0.10856886496186631,0.3333333333333333
4,2,svm,0.01,0.16379018612521154,0.32570659488559894,0.10856886496186631,0.3333333333333333
4,2,svm,0.5,0.2834333215266094,0.3620457604306864,0.2399368052506924,0.3705234159779614
4,2,svm,1.0,0.2869548542625466,0.3633916554508748,0.24153311754953818,0.37190082644628103
4,2,svm,5.0,0.28067911980074695,0.34993270524899056,0.31562604126617966,0.35803631258176716
4,2,svm,10.0,0.33100626504047764,0.360699865410498,0.363226769904331,0.3620940893668166
4,2,svm,20.0,0.33275600011876133,0.36473755047106327,0.3704094389748398,0.36541263813991093
4,2,svm_rbf,0.001,0.16379018612521154,0.32570659488559894,0.10856886496186631,0.3333333333333333
4,2,svm_rbf,0.01,0.16379018612521154,0.32570659488559894,0.10856886496186631,0.3333333333333333
4,2,svm_rbf,0.5,0.2834333215266094,0.3620457604306864,0.2399368052506924,0.3705234159779614
4,2,svm_rbf,1.0,0.2869548542625466,0.3633916554508748,0.24153311754953818,0.37190082644628103
4,2,svm_rbf,5.0,0.28067911980074695,0.34993270524899056,0.31562604126617966,0.35803631258176716
4,2,svm_rbf,10.0,0.33100626504047764,0.360699865410498,0.363226769904331,0.3620940893668166
4,2,svm_rbf,20.0,0.33275600011876133,0.36473755047106327,0.3704094389748398,0.36541263813991093
4,2,randomforest,10.0,0.3284714828897339,0.3297442799461642,0.3306996516489504,0.3312273312273312
4,2,randomforest,25.0,0.36030155284505944,0.360699865410498,0.3627933441191337,0.3617324526415435
4,2,randomforest,50.0,0.358127083496167,0.35935397039030953,0.36052573556570194,0.360355042173224
4,2,randomforest,100.0,0.32028009744936403,0.3203230148048452,0.32247718070995696,0.32122382122382126
4,2,randomforest,200.0,0.34166989761834793,0.34185733512786004,0.3438588713939637,0.34271993362902453
4,2,randomforest,500.0,0.3502305086755757,0.351278600269179,0.3517503776553401,0.3512768967314422
4,2,gradientboosting,10.0,0.34629440438484965,0.360699865410498,0.3677497765862377,0.3613708159162705
4,2,gradientboosting,25.0,0.3536421126808144,0.3566621803499327,0.3583916605751454,0.3576002212365849
4,2,gradientboosting,50.0,0.36091045386397713,0.3620457604306864,0.36528828566186106,0.3631098631098631
4,2,gradientboosting,100.0,0.35753478340236455,0.3566621803499327,0.3598216223909971,0.3576906304179031
4,2,gradientboosting,200.0,0.3537361487402384,0.35262449528936746,0.35503626197198696,0.35364880819426275
4,2,gradientboosting,500.0,0.33366467349717643,0.33378196500672946,0.3345153494221817,0.3334609698246062
4,2,extratrees,10.0,0.33252017015142304,0.33243606998654107,0.33471388871291735,0.3327164236255145
4,2,extratrees,25.0,0.30251287787614106,0.3028263795423957,0.30381760273324465,0.3035887126796218
4,2,extratrees,50.0,0.3426406884097864,0.34320323014804843,0.34380126000764183,0.34364529819075273
4,2,extratrees,100.0,0.33572198110013235,0.3364737550471063,0.3358871344482855,0.33748151929970116
4,2,extratrees,200.0,0.3357460919303006,0.3364737550471063,0.33631895205923584,0.33630619994256356
4,2,extratrees,500.0,0.326973764517333,0.32705248990578734,0.327015034894893,0.3275684184775094
4,5,svm,0.001,0.1806826434277415,0.3717872086072923,0.1239290695357641,0.3333333333333333
4,5,svm,0.01,0.1806826434277415,0.3717872086072923,0.1239290695357641,0.3333333333333333
4,5,svm,0.5,0.1934570561459963,0.37298266586969514,0.2551671732522796,0.33545462665237585
4,5,svm,1.0,0.19595844509324534,0.37417812313209803,0.2688104416041117,0.33671725291500215
4,5,svm,5.0,0.1937838595866336,0.37298266586969514,0.3169125810105989,0.3354606621507632
4,5,svm,10.0,0.19396283457260824,0.3735803945008966,0.3307666328942925,0.3359965678313634
4,5,svm,20.0,0.19268883611566745,0.37298266586969514,0.32196088642018167,0.33536525470005024
4,5,svm_rbf,0.001,0.1806826434277415,0.3717872086072923,0.1239290695357641,0.3333333333333333
4,5,svm_rbf,0.01,0.1806826434277415,0.3717872086072923,0.1239290695357641,0.3333333333333333
4,5,svm_rbf,0.5,0.1934570561459963,0.37298266586969514,0.2551671732522796,0.33545462665237585
4,5,svm_rbf,1.0,0.19595844509324534,0.37417812313209803,0.2688104416041117,0.33671725291500215
4,5,svm_rbf,5.0,0.1937838595866336,0.37298266586969514,0.3169125810105989,0.3354606621507632
4,5,svm_rbf,10.0,0.19396283457260824,0.3735803945008966,0.3307666328942925,0.3359965678313634
4,5,svm_rbf,20.0,0.19268883611566745,0.37298266586969514,0.32196088642018167,0.33536525470005024
4,5,randomforest,10.0,0.4174873347166094,0.42857142857142855,0.4244314174951885,0.41995159631208456
4,5,randomforest,25.0,0.3944059916749623,0.41243275552898984,0.4023287957804658,0.4009485482417891
4,5,randomforest,50.0,0.4146559096226934,0.42976688583383144,0.4281321315549236,0.4190850811670901
4,5,randomforest,100.0,0.4315557593668509,0.45068738792588164,0.4488060015430964,0.4381581798321729
4,5,randomforest,200.0,0.4471004108677776,0.46622833233711897,0.465132086157255,0.45348662629814834
4,5,randomforest,500.0,0.42367858883037995,0.4465032875074716,0.4442784130875565,0.43257483148577996
4,5,gradientboosting,10.0,0.3045504431807965,0.40705319784817695,0.44535915649981894,0.3765840485728837
4,5,gradientboosting,25.0,0.3618625624232843,0.41841004184100417,0.42516809284866525,0.39564750596594456
4,5,gradientboosting,50.0,0.38853863107090075,0.42677824267782427,0.4353401100520968,0.4082381183975529
4,5,gradientboosting,100.0,0.3996855204907193,0.4261805140466228,0.4259304812468825,0.4113409273643023
4,5,gradientboosting,200.0,0.4164747053433185,0.43574417214584577,0.43161756949165025,0.4234647609489297
4,5,gradientboosting,500.0,0.4417969160025022,0.452480573819486,0.45115200755315454,0.44380922279424
4,5,extratrees,10.0,0.37717074592802535,0.39330543933054396,0.38381620265568667,0.38302539638358835
4,5,extratrees,25.0,0.3897861331113015,0.40585774058577406,0.4003088812124957,0.3951489932058996
4,5,extratrees,50.0,0.41358557413260205,0.43156007172743577,0.4257232803316721,0.4198390061273776
4,5,extratrees,100.0,0.40049895975503286,0.4237895995218171,0.4154147564750597,0.4102709285932928
4,5,extratrees,200.0,0.4261648138695735,0.4465032875074716,0.4449965208029724,0.43352287049452176
4,5,extratrees,500.0,0.4266626334751294,0.44889420203227737,0.4472246973971989,0.4351302615029691
5,1,svm,0.001,0.33518225039619653,0.5041716328963052,0.2520858164481526,0.5
5,1,svm,0.01,0.6650636723820205,0.6716328963051251,0.6840944753864253,0.6705111156573922
5,1,svm,0.5,0.6886657308218942,0.6924910607866508,0.7007382270643567,0.6916143844335334
5,1,svm,1.0,0.6942976862816542,0.6978545887961859,0.7058428400715511,0.6970031482996909
5,1,svm,5.0,0.7025976383543455,0.7050059594755661,0.7104905699041987,0.7043041916712129
5,1,svm,10.0,0.7031409991797698,0.7050059594755661,0.7090953353341715,0.7043936965811965
5,1,svm,20.0,0.6992333253155874,0.700238379022646,0.7021166363188234,0.6998047940534642
5,1,svm_rbf,0.001,0.33518225039619653,0.5041716328963052,0.2520858164481526,0.5
5,1,svm_rbf,0.01,0.6650636723820205,0.6716328963051251,0.6840944753864253,0.6705111156573922
5,1,svm_rbf,0.5,0.6886657308218942,0.6924910607866508,0.7007382270643567,0.6916143844335334
5,1,svm_rbf,1.0,0.6942976862816542,0.6978545887961859,0.7058428400715511,0.6970031482996909
5,1,svm_rbf,5.0,0.7025976383543455,0.7050059594755661,0.7104905699041987,0.7043041916712129
5,1,svm_rbf,10.0,0.7031409991797698,0.7050059594755661,0.7090953353341715,0.7043936965811965
5,1,svm_rbf,20.0,0.6992333253155874,0.700238379022646,0.7021166363188234,0.6998047940534642
5,1,randomforest,10.0,0.6763396686860936,0.6764004767580453,0.6767756581951321,0.6765619317148572
5,1,randomforest,25.0,0.6918805459059372,0.6930870083432658,0.6952638348189659,0.6926131455719222
5,1,randomforest,50.0,0.7084116728768559,0.7091775923718713,0.7106524481137484,0.708799327150391
5,1,randomforest,100.0,0.7166919564822419,0.7181168057210966,0.7215072239892273,0.7175750704673577
5,1,randomforest,200.0,0.7138254112119962,0.7157330154946365,0.7203775430445358,0.7151016093835243
5,1,randomforest,500.0,0.7182792950592505,0.7205005959475567,0.7262762940635343,0.7198098517912348
5,1,gradientboosting,10.0,0.6958861595469317,0.6978545887961859,0.7019178604206029,0.697231883069649
5,1,gradientboosting,25.0,0.709765354184386,0.7115613825983313,0.7157284075455909,0.7109545485542825
5,1,gradientboosting,50.0,0.7155407348277091,0.7175208581644815,0.722449550589305,0.7168746590289143
5,1,gradientboosting,100.0,0.7118006966476287,0.7133492252681763,0.7169190328257045,0.7127872681396618
5,1,gradientboosting,200.0,0.7173148306778596,0.7187127532777116,0.7220474262579526,0.7181760320058193
5,1,gradientboosting,500.0,0.707522020272445,0.7085816448152562,0.7107598351280778,0.7081287506819423
5,1,extratrees,10.0,0.6833979138795764,0.6835518474374255,0.6842774418256801,0.683783415166394
5,1,extratrees,25.0,0.6959993152687927,0.6972586412395709,0.6996497145822522,0.696770151391162
5,1,extratrees,50.0,0.7019276122832642,0.702622169249106,0.7038399587655435,0.7022683101472995
5,1,extratrees,100.0,0.7102238993423455,0.7115613825983313,0.7145184209614251,0.7110440534642662
5,1,extratrees,200.0,0.7043404294861142,0.7061978545887961,0.7103147323212872,0.7055856746681215
5,1,extratrees,500.0,0.7150253046660339,0.7169249106078666,0.7215987575343403,0.7162935874704492
5,2,svm,0.001,0.16261808367071526,0.32262382864792505,0.10754127621597502,0.3333333333333333
5,2,svm,0.01,0.16261808367071526,0.32262382864792505,0.10754127621597502,0.3333333333333333
5,2,svm,0.5,0.3425223447822317,0.35475234270414996,0.35632273335973896,0.35570109792653454
5,2,svm,1.0,0.3452134834579479,0.3467202141900937,0.3477274135892352,0.34663583428330974
5,2,svm,5.0,0.3601098133094933,0.36010709504685406,0.36060961684522014,0.35983389780767644
5,2,svm,10.0,0.373890351590517,0.3748326639892905,0.37388212317141517,0.37409555017244606
5,2,svm,20.0,0.3770333447258318,0.3788487282463186,0.3776618615711203,0.37764216474316575
5,2,svm_rbf,0.001,0.16261808367071526,0.32262382864792505,0.10754127621597502,0.3333333333333333
5,2,svm_rbf,0.01,0.16261808367071526,0.32262382864792505,0.10754127621597502,0.3333333333333333
5,2,svm_rbf,0.5,0.3425223447822317,0.35475234270414996,0.35632273335973896,0.35570109792653454
5,2,svm_rbf,1.0,0.3452134834579479,0.3467202141900937,0.3477274135892352,0.34663583428330974
5,2,svm_rbf,5.0,0.3601098133094933,0.36010709504685406,0.36060961684522014,0.35983389780767644
5,2,svm_rbf,10.0,0.373890351590517,0.3748326639892905,0.37388212317141517,0.37409555017244606
5,2,svm_rbf,20.0,0.3770333447258318,0.3788487282463186,0.3776618615711203,0.37764216474316575
5,2,randomforest,10.0,0.33779650254783045,0.34002677376171353,0.33833840195965564,0.3399007226304727
5,2,randomforest,25.0,0.34679569017287654,0.3493975903614458,0.34718682570873177,0.35027424226184495
5,2,randomforest,50.0,0.34982814965066483,0.3507362784471218,0.35081097427472946,0.35008250707919103
5,2,randomforest,100.0,0.3359009764091032,0.3360107095046854,0.3357366682908343,0.3363402752881491
5,2,randomforest,200.0,0.32373218164257783,0.32396251673360105,0.32329819938515586,0.325014326104435
5,2,randomforest,500.0,0.35109199412597253,0.35207496653279785,0.3509113509113509,0.3530238946648275
5,2,gradientboosting,10.0,0.37653479774651055,0.3788487282463186,0.3785297211039785,0.3805475655089263
5,2,gradientboosting,25.0,0.37950152854291624,0.3815261044176707,0.37980253570504857,0.38284436755152534
5,2,gradientboosting,50.0,0.3772505087430836,0.3788487282463186,0.3764545934645316,0.3795253236873959
5,2,gradientboosting,100.0,0.36546513381628176,0.3654618473895582,0.3653205447858879,0.3657274366043537
5,2,gradientboosting,200.0,0.36146222059176986,0.3614457831325301,0.361113645965357,0.36214191736349793
5,2,gradientboosting,500.0,0.3694425934094812,0.36947791164658633,0.3696951106760211,0.36991848542217154
5,2,extratrees,10.0,0.29872019632177566,0.30254350736278446,0.2976293869988503,0.3023564191268413
5,2,extratrees,25.0,0.3480927920287189,0.34805890227576974,0.3482262355868582,0.34816627916534526
5,2,extratrees,50.0,0.32551641233325507,0.3253012048192771,0.32583901583828334,0.3253947489372487
5,2,extratrees,100.0,0.3346061267310874,0.33467202141900937,0.3347668177888891,0.33464608497225196
5,2,extratrees,200.0,0.33074451759103884,0.33065595716198126,0.3306701220309943,0.3308828146162857
5,2,extratrees,500.0,0.33436733953218595,0.33467202141900937,0.33413200817079874,0.33471282809524094
5,5,svm,0.001,0.18218565035368847,0.37604290822407627,0.1253476360746921,0.3333333333333333
5,5,svm,0.01,0.18218565035368847,0.37604290822407627,0.1253476360746921,0.3333333333333333
5,5,svm,0.5,0.35717035050542806,0.4159713945172825,0.4155289862109861,0.3904050330043827
5,5,svm,1.0,0.3770925237625539,0.42073897497020263,0.42067958309806136,0.3989108569722317
5,5,svm,5.0,0.42436798842928597,0.4398092967818832,0.4376858599221208,0.428207089100828
5,5,svm,10.0,0.4278988331308315,0.4404052443384982,0.43677896340587985,0.43086596186780574
5,5,svm,20.0,0.41489577223675295,0.4261025029797378,0.4199972995698195,0.4176177692903662
5,5,svm_rbf,0.001,0.18218565035368847,0.37604290822407627,0.1253476360746921,0.3333333333333333
5,5,svm_rbf,0.01,0.18218565035368847,0.37604290822407627,0.1253476360746921,0.3333333333333333
5,5,svm_rbf,0.5,0.35717035050542806,0.4159713945172825,0.4155289862109861,0.3904050330043827
5,5,svm_rbf,1.0,0.3770925237625539,0.42073897497020263,0.42067958309806136,0.3989108569722317
5,5,svm_rbf,5.0,0.42436798842928597,0.4398092967818832,0.4376858599221208,0.428207089100828
5,5,svm_rbf,10.0,0.4278988331308315,0.4404052443384982,0.43677896340587985,0.43086596186780574
5,5,svm_rbf,20.0,0.41489577223675295,0.4261025029797378,0.4199972995698195,0.4176177692903662
5,5,randomforest,10.0,0.414625536997462,0.4308700834326579,0.42152734124179014,0.41915128182128525
5,5,randomforest,25.0,0.42660364171103565,0.4410011918951132,0.4381840738323201,0.43060329554094534
5,5,randomforest,50.0,0.4373912648814147,0.4505363528009535,0.4468783962642742,0.4401179902373746
5,5,randomforest,100.0,0.443678280630101,0.4582836710369487,0.4600559551140526,0.44685225319962507
5,5,randomforest,200.0,0.44819937608064214,0.46305125148986886,0.46223193283694447,0.45198655839412233
5,5,randomforest,500.0,0.4564836465295561,0.47139451728247916,0.47424384208691456,0.45999474937511625
5,5,gradientboosting,10.0,0.3228024758926846,0.41418355184743744,0.4783114130423523,0.3832411299535872
5,5,gradientboosting,25.0,0.3780592708558114,0.42848629320619785,0.45432491652754586,0.4048009979629958
5,5,gradientboosting,50.0,0.41691264452634874,0.44576877234803336,0.46274176678978,0.4280701731635199
5,5,gradientboosting,100.0,0.434414737238112,0.4511323003575685,0.45340390550296816,0.4386355659731827
5,5,gradientboosting,200.0,0.45075898690337873,0.46305125148986886,0.4632750671049362,0.452910630010185
5,5,gradientboosting,500.0,0.4562656232259476,0.465435041716329,0.46211351757481545,0.4570875579908466
5,5,extratrees,10.0,0.4076425174607417,0.42193087008343266,0.41862250770679815,0.410755903376198
5,5,extratrees,25.0,0.43423689775401236,0.44815256257449343,0.44402976828231716,0.4373924194359898
5,5,extratrees,50.0,0.42787246286907604,0.44576877234803336,0.44130591074544795,0.4333086599042814
5,5,extratrees,100.0,0.4427302915630676,0.45887961859356374,0.45735421441303786,0.44694111058157415
5,5,extratrees,200.0,0.45353167556146573,0.4684147794994041,0.4707975104256524,0.45726291459723384
5,5,extratrees,500.0,0.4482851395502853,0.46185935637663883,0.4640992712718434,0.45119103337893224
6,1,svm,0.001,0.33518225039619653,0.5041716328963052,0.2520858164481526,0.5
6,1,svm,0.01,0.44444357833300985,0.5190703218116806,0.5337943558399674,0.5160483724313512
6,1,svm,0.5,0.447623894547004,0.5143027413587604,0.5216367276196106,0.5114395799236224
6,1,svm,1.0,0.45381555153707054,0.5172824791418356,0.5264832491109863,0.5144742225859247
6,1,svm,5.0,0.45304436902487577,0.5154946364719905,0.5229221589409743,0.5127111179305328
6,1,svm,10.0,0.45495071684587807,0.5160905840286055,0.5237031947784266,0.5133319694489907
6,1,svm,20.0,0.45543954559479216,0.5160905840286055,0.5235888393215979,0.5133419144389889
6,1,svm_rbf,0.001,0.33518225039619653,0.5041716328963052,0.2520858164481526,0.5
6,1,svm_rbf,0.01,0.44444357833300985,0.5190703218116806,0.5337943558399674,0.5160483724313512
6,1,svm_rbf,0.5,0.447623894547004,0.5143027413587604,0.5216367276196106,0.5114395799236224
6,1,svm_rbf,1.0,0.45381555153707054,0.5172824791418356,0.5264832491109863,0.5144742225859247
6,1,svm_rbf,5.0,0.45304436902487577,0.5154946364719905,0.5229221589409743,0.5127111179305328
6,1,svm_rbf,10.0,0.45495071684587807,0.5160905840286055,0.5237031947784266,0.5133319694489907
6,1,svm_rbf,20.0,0.45543954559479216,0.5160905840286055,0.5235888393215979,0.5133419144389889
6,1,randomforest,10.0,0.6763286311228291,0.6764004767580453,0.6768168024618116,0.6765718767048554
6,1,randomforest,25.0,0.6863757247865587,0.6877234803337307,0.6900760408012554,0.6872243817057646
6,1,randomforest,50.0,0.7033137512120002,0.7044100119189511,0.706586309318229,0.703951854882706
6,1,randomforest,100.0,0.7123231307289644,0.7139451728247914,0.7177337044769195,0.713368339698127
6,1,randomforest,200.0,0.7194124305412637,0.7210965435041716,0.7253278202998874,0.72050031823968
6,1,randomforest,500.0,0.7163855646033417,0.7187127532777116,0.7247033223214077,0.7180069671758502
6,1,gradientboosting,10.0,0.6950749771062272,0.6972586412395709,0.7018124649990667,0.6966010865611929
6,1,gradientboosting,25.0,0.7094808836996336,0.7115613825983313,0.7164953565428411,0.7109048236042916
6,1,gradientboosting,50.0,0.7085106200459801,0.7103694874851013,0.7146564659082979,0.7097526254773595
6,1,gradientboosting,100.0,0.7104460345911084,0.7121573301549463,0.7161204695829106,0.7115654550827424
6,1,gradientboosting,200.0,0.7104057554285192,0.7115613825983313,0.7140494439001902,0.711083833424259
6,1,gradientboosting,500.0,0.7042824414028079,0.7050059594755661,0.7063210364609072,0.7046423213311511
6,1,extratrees,10.0,0.6617343232862569,0.6620977353992848,0.6632977515330456,0.6624173145117294
6,1,extratrees,25.0,0.7027371044486814,0.7038140643623361,0.7059316486472877,0.7033608383342427
6,1,extratrees,50.0,0.7029014600815451,0.7038140643623361,0.705546103872797,0.7034006182942354
6,1,extratrees,100.0,0.7148214795772636,0.7163289630512515,0.7198883445104648,0.7157721858519731
6,1,extratrees,200.0,0.7082056949426095,0.7097735399284862,0.7132736634007517,0.709211333878887
6,1,extratrees,500.0,0.7137689205585971,0.7157330154946365,0.7205355595144625,0.7150916643935261
6,2,svm,0.001,0.16261808367071526,0.32262382864792505,0.10754127621597502,0.3333333333333333
6,2,svm,0.01,0.16598976493519604,0.32396251673360105,0.17493261455525608,0.3346303501945525
6,2,svm,0.5,0.3430764577950692,0.36813922356091033,0.37713818578369,0.37335746373884815
6,2,svm,1.0,0.3290528324723294,0.3614457831325301,0.3582042404956877,0.3670752024463948
6,2,svm,5.0,0.30273125769471915,0.34805890227576974,0.326760246501056,0.3540495298381421
6,2,svm,10.0,0.294145871930879,0.35609103078982596,0.3485076104298408,0.3624122615935323
6,2,svm,20.0,0.2920103325738272,0.3467202141900937,0.32202402117656354,0.35296086909920715
6,2,svm_rbf,0.001,0.16261808367071526,0.32262382864792505,0.10754127621597502,0.3333333333333333
6,2,svm_rbf,0.01,0.16598976493519604,0.32396251673360105,0.17493261455525608,0.3346303501945525
6,2,svm_rbf,0.5,0.3430764577950692,0.36813922356091033,0.37713818578369,0.37335746373884815
6,2,svm_rbf,1.0,0.3290528324723294,0.3614457831325301,0.3582042404956877,0.3670752024463948
6,2,svm_rbf,5.0,0.30273125769471915,0.34805890227576974,0.326760246501056,0.3540495298381421
6,2,svm_rbf,10.0,0.294145871930879,0.35609103078982596,0.3485076104298408,0.3624122615935323
6,2,svm_rbf,20.0,0.2920103325738272,0.3467202141900937,0.32202402117656354,0.35296086909920715
6,2,randomforest,10.0,0.3467799024590619,0.3507362784471218,0.34911778061901116,0.3495407811612521
6,2,randomforest,25.0,0.3363289131025103,0.3360107095046854,0.3364290972756581,0.3362820047377675
6,2,randomforest,50.0,0.3396930444089703,0.3413654618473896,0.34116674973165795,0.3412783153862848
6,2,randomforest,100.0,0.3486504027221234,0.3493975903614458,0.35033039355898093,0.3504659990582044
6,2,randomforest,200.0,0.3448247928554717,0.3453815261044177,0.3449766440044135,0.34580550055407816
6,2,randomforest,500.0,0.3532820307350579,0.3534136546184739,0.3532331106983259,0.3538848334012328
6,2,gradientboosting,10.0,0.3515979219937912,0.35609103078982596,0.3539395869856959,0.3578732105013474
6,2,gradientboosting,25.0,0.37124554612565425,0.37349397590361444,0.3709183127806556,0.3745539120277656
6,2,gradientboosting,50.0,0.3590709303248644,0.36010709504685406,0.35845953606944575,0.3608115289407843
6,2,gradientboosting,100.0,0.3401653901181653,0.34002677376171353,0.33972843141629117,0.34070907522107735
6,2,gradientboosting,200.0,0.3503715473381803,0.3507362784471218,0.3497399796612395,0.35138520834499126
6,2,gradientboosting,500.0,0.3762146503521708,0.37617135207496655,0.37579743008314437,0.37683411474443984
6,2,extratrees,10.0,0.31118165784832447,0.3132530120481928,0.312274809875348,0.31310482848238563
6,2,extratrees,25.0,0.34494236270964845,0.3467202141900937,0.34506613804579506,0.3456637362588435
6,2,extratrees,50.0,0.3464311856370921,0.3467202141900937,0.34650659227572334,0.34653589250847133
6,2,extratrees,100.0,0.3410013341377199,0.3413654618473896,0.3410948631421072,0.34095618471755823
6,2,extratrees,200.0,0.3545843934859953,0.35475234270414996,0.3543256391801208,0.3557652474048478
6,2,extratrees,500.0,0.3450184520589348,0.3453815261044177,0.34514536378605526,0.3451527666440177
6,5,svm,0.001,0.18218565035368847,0.37604290822407627,0.1253476360746921,0.3333333333333333
6,5,svm,0.01,0.18218565035368847,0.37604290822407627,0.1253476360746921,0.3333333333333333
6,5,svm,0.5,0.18825484609798337,0.37604290822407627,0.24444826007326007,0.3339858308851625
6,5,svm,1.0,0.20765356971531604,0.37604290822407627,0.235560293769249,0.33633482207174764
6,5,svm,5.0,0.20833802472953789,0.3706793802145411,0.21585721309172637,0.3319719624411969
6,5,svm,10.0,0.20819138466197287,0.37246722288438616,0.21949828290470771,0.3334262489847138
6,5,svm,20.0,0.20729948205613144,0.37246722288438616,0.2178706372772131,0.333295749474348
6,5,svm_rbf,0.001,0.18218565035368847,0.37604290822407627,0.1253476360746921,0.3333333333333333
6,5,svm_rbf,0.01,0.18218565035368847,0.37604290822407627,0.1253476360746921,0.3333333333333333
6,5,svm_rbf,0.5,0.18825484609798337,0.37604290822407627,0.24444826007326007,0.3339858308851625
6,5,svm_rbf,1.0,0.20765356971531604,0.37604290822407627,0.235560293769249,0.33633482207174764
6,5,svm_rbf,5.0,0.20833802472953789,0.3706793802145411,0.21585721309172637,0.3319719624411969
6,5,svm_rbf,10.0,0.20819138466197287,0.37246722288438616,0.21949828290470771,0.3334262489847138
6,5,svm_rbf,20.0,0.20729948205613144,0.37246722288438616,0.2178706372772131,0.333295749474348
6,5,randomforest,10.0,0.4030694890074413,0.41477949940405245,0.41024097961386535,0.405495442544131
6,5,randomforest,25.0,0.4252313396527155,0.43802145411203813,0.4346904320703731,0.4275916370070467
6,5,randomforest,50.0,0.4462698283796221,0.4600715137067938,0.46269385045377404,0.44891641871180776
6,5,randomforest,100.0,0.44403484736026555,0.4582836710369487,0.46030930239720574,0.44711060845948136
6,5,randomforest,200.0,0.45676423831163726,0.4719904648390942,0.47273383383604695,0.46069348572573104
6,5,randomforest,500.0,0.4463957421830087,0.46305125148986886,0.4618494119240722,0.4511982738101765
6,5,gradientboosting,10.0,0.316594026711494,0.4123957091775924,0.4742293931538046,0.380396611140085
6,5,gradientboosting,25.0,0.39133560350272445,0.4374255065554231,0.4603045123970157,0.41498868225266755
6,5,gradientboosting,50.0,0.43069666918597777,0.4612634088200238,0.47718126842526526,0.44293686264063253
6,5,gradientboosting,100.0,0.43900440930168744,0.4582836710369487,0.46667715732997633,0.44461789895815323
6,5,gradientboosting,200.0,0.4516647696308713,0.464839094159714,0.46459968952865954,0.4544048913759899
6,5,gradientboosting,500.0,0.4464570880641983,0.4547079856972586,0.4524252818656609,0.44700893752117254
6,5,extratrees,10.0,0.4250957353729273,0.433253873659118,0.43301757923553946,0.4256266511227422
6,5,extratrees,25.0,0.4173961206182801,0.43146603098927294,0.42719946150373667,0.421152369514683
6,5,extratrees,50.0,0.42897937324887114,0.4445768772348033,0.44383349724029225,0.43363972437746945
6,5,extratrees,100.0,0.4337540691979347,0.4499404052443385,0.44427633307065933,0.438316776655417
6,5,extratrees,200.0,0.44139255304379144,0.4600715137067938,0.45800618684035616,0.4478912473641656
6,5,extratrees,500.0,0.4531086155091144,0.46781883194278906,0.4675796901255405,0.45626584816447485
7,1,svm,0.001,0.32919005613472335,0.4907352062163778,0.2453676031081889,0.5
7,1,svm,0.01,0.6680613668061367,0.6748356246264196,0.6957762826751837,0.6777153991754016
7,1,svm,0.5,0.6778975741239892,0.6820083682008368,0.6959866973090626,0.6843366328707119
7,1,svm,1.0,0.6836440023790542,0.6873879258816498,0.7007670350493246,0.6896404819497578
7,1,svm,5.0,0.7014056612192376,0.7035265989240884,0.7127051122563829,0.705330439804887
7,1,svm,10.0,0.7049255785941667,0.7059175134488942,0.710979571401126,0.7072346788812452
7,1,svm,20.0,0.7050563414983896,0.7053197848176928,0.7073163542035137,0.7061160099043305
7,1,svm_rbf,0.001,0.32919005613472335,0.4907352062163778,0.2453676031081889,0.5
7,1,svm_rbf,0.01,0.6680613668061367,0.6748356246264196,0.6957762826751837,0.6777153991754016
7,1,svm_rbf,0.5,0.6778975741239892,0.6820083682008368,0.6959866973090626,0.6843366328707119
7,1,svm_rbf,1.0,0.6836440023790542,0.6873879258816498,0.7007670350493246,0.6896404819497578
7,1,svm_rbf,5.0,0.7014056612192376,0.7035265989240884,0.7127051122563829,0.705330439804887
7,1,svm_rbf,10.0,0.7049255785941667,0.7059175134488942,0.710979571401126,0.7072346788812452
7,1,svm_rbf,20.0,0.7050563414983896,0.7053197848176928,0.7073163542035137,0.7061160099043305
7,1,randomforest,10.0,0.6780215550423403,0.6784219964136282,0.6784227043448355,0.6780013209586385
7,1,randomforest,25.0,0.7012398431810415,0.7017334130304842,0.7046978751660027,0.7027278367729723
7,1,randomforest,50.0,0.6982608322239876,0.698744769874477,0.7016196534694903,0.6997270876579003
7,1,randomforest,100.0,0.7068748115063694,0.7083084279737,0.7151746763298621,0.7098480039800312
7,1,randomforest,200.0,0.715640248887665,0.7166766288105201,0.7222783315844701,0.718041807483145
7,1,randomforest,500.0,0.7159085727989465,0.7172743574417214,0.7242731961784186,0.7188059334488457
7,1,gradientboosting,10.0,0.6996688080853395,0.7005379557680813,0.7049667296929141,0.7017757172347933
7,1,gradientboosting,25.0,0.7066626651305932,0.7077106993424985,0.7130517255445867,0.7090617190761295
7,1,gradientboosting,50.0,0.7077769086116668,0.7089061566049014,0.7146094839609485,0.7103019048109199
7,1,gradientboosting,100.0,0.710219919132875,0.7112970711297071,0.7168776223674274,0.7126714815894963
7,1,gradientboosting,200.0,0.7103433220549928,0.7112970711297071,0.7163764004073913,0.7126050047748937
7,1,gradientboosting,500.0,0.7192013756551271,0.7196652719665272,0.7228102084415959,0.7206658546488023
7,1,extratrees,10.0,0.676610824742268,0.6772265391512253,0.6774280397343005,0.6766503405328438
7,1,extratrees,25.0,0.6973095656504316,0.6981470412432755,0.7023918028504252,0.699361822579815
7,1,extratrees,50.0,0.703663135656145,0.7041243275552899,0.7069918769568166,0.7050974135515489
7,1,extratrees,100.0,0.6972709542576776,0.6981470412432755,0.7025371695115611,0.6993839815180158
7,1,extratrees,200.0,0.7012422868060277,0.7023311416616856,0.7076490905911158,0.7036913931824811
7,1,extratrees,500.0,0.7086024243238264,0.7101016138673042,0.7173042038710131,0.7116750441749156
7,2,svm,0.001,0.16379018612521154,0.32570659488559894,0.10856886496186631,0.3333333333333333
7,2,svm,0.01,0.16379018612521154,0.32570659488559894,0.10856886496186631,0.3333333333333333
7,2,svm,0.5,0.34505351735441375,0.35800807537012114,0.3535533277036151,0.3624131805949988
7,2,svm,1.0,0.3562368174677921,0.360699865410498,0.3580644663744535,0.3636310454492273
7,2,svm,5.0,0.34275989940136037,0.34320323014804843,0.3434641532989593,0.34427816245998066
7,2,svm,10.0,0.3576759698274316,0.35800807537012114,0.3592527417835368,0.3584351766169948
7,2,svm,20.0,0.35080098447710123,0.351278600269179,0.3520445714690319,0.3514577150940787
7,2,svm_rbf,0.001,0.16379018612521154,0.32570659488559894,0.10856886496186631,0.3333333333333333
7,2,svm_rbf,0.01,0.16379018612521154,0.32570659488559894,0.10856886496186631,0.3333333333333333
7,2,svm_rbf,0.5,0.34505351735441375,0.35800807537012114,0.3535533277036151,0.3624131805949988
7,2,svm_rbf,1.0,0.3562368174677921,0.360699865410498,0.3580644663744535,0.3636310454492273
7,2,svm_rbf,5.0,0.34275989940136037,0.34320323014804843,0.3434641532989593,0.34427816245998066
7,2,svm_rbf,10.0,0.3576759698274316,0.35800807537012114,0.3592527417835368,0.3584351766169948
7,2,svm_rbf,20.0,0.35080098447710123,0.351278600269179,0.3520445714690319,0.3514577150940787
7,2,randomforest,10.0,0.3342205912984901,0.3364737550471063,0.33781234794177323,0.3384760202942021
7,2,randomforest,25.0,0.35056143700236936,0.351278600269179,0.3536111073129089,0.35227139772594324
7,2,randomforest,50.0,0.3607056620346201,0.3633916554508748,0.3624475558376082,0.36593382047927503
7,2,randomforest,100.0,0.3369209590540109,0.33781965006729475,0.3368309110244594,0.3394013848559303
7,2,randomforest,200.0,0.33832432006512675,0.3391655450874832,0.3398616262609973,0.34050756778029506
7,2,randomforest,500.0,0.3423119289884786,0.34320323014804843,0.3430723649509666,0.34500143591052684
7,2,gradientboosting,10.0,0.40824749849123393,0.41722745625841184,0.41950297909298895,0.4213014667560122
7,2,gradientboosting,25.0,0.3923867812230792,0.39569313593539707,0.3962734784473915,0.3984492166310349
7,2,gradientboosting,50.0,0.383632908867012,0.38492597577388965,0.3847994091295208,0.386977886977887
7,2,gradientboosting,100.0,0.3864754800711195,0.3876177658142665,0.38752583320604966,0.3895518895518895
7,2,gradientboosting,200.0,0.39235523622207436,0.39300134589502017,0.39398310387144764,0.39469989469989475
7,2,gradientboosting,500.0,0.3561942526944783,0.3566621803499327,0.35646640112818906,0.35823308550581273
7,2,extratrees,10.0,0.35735669009992965,0.35800807537012114,0.361478214308403,0.35924885924885924
7,2,extratrees,25.0,0.3215855594735666,0.32301480484522205,0.32290076508056803,0.3245210972483699
7,2,extratrees,50.0,0.3278489792891139,0.3283983849259758,0.3290559101038389,0.3294882840337386
7,2,extratrees,100.0,0.33894964281696965,0.3391655450874832,0.3432489531785306,0.34014593105502194
7,2,extratrees,200.0,0.31130663972523326,0.3122476446837147,0.31218332442114105,0.3135018135018135
7,2,extratrees,500.0,0.3354759108773642,0.3364737550471063,0.3354536739067502,0.337119882574428
7,5,svm,0.001,0.1806826434277415,0.3717872086072923,0.1239290695357641,0.3333333333333333
7,5,svm,0.01,0.1806826434277415,0.3717872086072923,0.1239290695357641,0.3333333333333333
7,5,svm,0.5,0.3636129577059594,0.41960549910340705,0.42511924924722955,0.39704291319309176
7,5,svm,1.0,0.3813827902959554,0.42080095636580994,0.42613638354838757,0.4021531754996554
7,5,svm,5.0,0.42307773234505325,0.4411237298266587,0.4422242162002523,0.4289689957495808
7,5,svm,10.0,0.4341158288736258,0.4465032875074716,0.44497502093613117,0.4369417532719931
7,5,svm,20.0,0.4327450895871949,0.44231918708906154,0.43959416851688515,0.4343473739131212
7,5,svm_rbf,0.001,0.1806826434277415,0.3717872086072923,0.1239290695357641,0.3333333333333333
7,5,svm_rbf,0.01,0.1806826434277415,0.3717872086072923,0.1239290695357641,0.3333333333333333
7,5,svm_rbf,0.5,0.3636129577059594,0.41960549910340705,0.42511924924722955,0.39704291319309176
7,5,svm_rbf,1.0,0.3813827902959554,0.42080095636580994,0.42613638354838757,0.4021531754996554
7,5,svm_rbf,5.0,0.42307773234505325,0.4411237298266587,0.4422242162002523,0.4289689957495808
7,5,svm_rbf,10.0,0.4341158288736258,0.4465032875074716,0.44497502093613117,0.4369417532719931
7,5,svm_rbf,20.0,0.4327450895871949,0.44231918708906154,0.43959416851688515,0.4343473739131212
7,5,randomforest,10.0,0.40709026705619894,0.41721458457860133,0.414060923330508,0.40907739423214085
7,5,randomforest,25.0,0.42177486397211056,0.43335325762104004,0.4312101261749286,0.4243282137092119
7,5,randomforest,50.0,0.4270025907457888,0.4411237298266587,0.4409944157019132,0.4307104718559626
7,5,randomforest,100.0,0.4578589900036966,0.4722056186491333,0.4775779328452056,0.4611004094544207
7,5,randomforest,200.0,0.46306672706988317,0.474596533173939,0.483249081644499,0.46455071951835
7,5,randomforest,500.0,0.46246865520300484,0.47638971906754335,0.4836105975750586,0.4653408574689615
7,5,gradientboosting,10.0,0.32151035952691737,0.41422594142259417,0.48979965852757373,0.3848989237607954
7,5,gradientboosting,25.0,0.36949738537628246,0.4166168559473999,0.4344365163231192,0.3958887434780132
7,5,gradientboosting,50.0,0.4046197742148277,0.4339509862522415,0.4449291662922125,0.4176519200538893
7,5,gradientboosting,100.0,0.42291404988426873,0.44052600119545726,0.447830525128823,0.42828336313278187
7,5,gradientboosting,200.0,0.4430126496373003,0.45427375971309025,0.45841269319646155,0.44485053063015045
7,5,gradientboosting,500.0,0.46705991000955255,0.4734010759115362,0.47524928773217606,0.4668193294555858
7,5,extratrees,10.0,0.41401588639658565,0.4237895995218171,0.42340111134237396,0.4157065993559941
7,5,extratrees,25.0,0.40888002316958083,0.42080095636580994,0.4192514753657595,0.41169020611952806
7,5,extratrees,50.0,0.42998027198285804,0.4447101016138673,0.4455388579521211,0.43393797693633845
7,5,extratrees,100.0,0.43631308002526553,0.4482964734010759,0.45253237853324224,0.43857245178385895
7,5,extratrees,200.0,0.43397120127640965,0.44949193066347876,0.45166379236892445,0.4383436113019183
7,5,extratrees,500.0,0.4468406239439924,0.46144650328750747,0.46778661878111555,0.45035030576028906
8,1,svm,0.001,0.32919005613472335,0.4907352062163778,0.2453676031081889,0.5
8,1,svm,0.01,0.4295644599303136,0.5086670651524208,0.5377092963533642,0.5157442829939441
8,1,svm,0.5,0.4327376573396185,0.5032875074716079,0.5209935695372588,0.5099972551508809
8,1,svm,1.0,0.43773562236776736,0.5050806933652122,0.5235704673955103,0.5116691827783592
8,1,svm,5.0,0.43950610307414106,0.5038852361028093,0.5200679196284397,0.5103403612907653
8,1,svm,10.0,0.44245999602020447,0.5044829647340108,0.5204446781544103,0.5108385799980557
8,1,svm,20.0,0.4438790093877564,0.5050806933652122,0.5213126098829163,0.5114032755199488
8,1,svm_rbf,0.001,0.32919005613472335,0.4907352062163778,0.2453676031081889,0.5
8,1,svm_rbf,0.01,0.4295644599303136,0.5086670651524208,0.5377092963533642,0.5157442829939441
8,1,svm_rbf,0.5,0.4327376573396185,0.5032875074716079,0.5209935695372588,0.5099972551508809
8,1,svm_rbf,1.0,0.43773562236776736,0.5050806933652122,0.5235704673955103,0.5116691827783592
8,1,svm_rbf,5.0,0.43950610307414106,0.5038852361028093,0.5200679196284397,0.5103403612907653
8,1,svm_rbf,10.0,0.44245999602020447,0.5044829647340108,0.5204446781544103,0.5108385799980557
8,1,svm_rbf,20.0,0.4438790093877564,0.5050806933652122,0.5213126098829163,0.5114032755199488
8,1,randomforest,10.0,0.676510460505271,0.6766288105200239,0.6765147399422411,0.6765066648367672
8,1,randomforest,25.0,0.691972358101002,0.6927674835624626,0.6967201347965292,0.6939471788097649
8,1,randomforest,50.0,0.7054998998196755,0.7059175134488942,0.7086242196173422,0.7068579769318305
8,1,randomforest,100.0,0.7112178624020902,0.7118947997609085,0.7158360128617363,0.7130367466675815
8,1,randomforest,200.0,0.7111982012535957,0.71249252839211,0.7189923274555361,0.7139781441388894
8,1,randomforest,500.0,0.7159554806235469,0.7172743574417214,0.7240790849271262,0.7187837745106449
8,1,gradientboosting,10.0,0.6996688080853395,0.7005379557680813,0.7049667296929141,0.7017757172347933
8,1,gradientboosting,25.0,0.7054629214296957,0.7065152420800956,0.7118330341845476,0.7078658512177409
8,1,gradientboosting,50.0,0.71355341280641,0.7148834429169157,0.7216294610827543,0.7163920387938676
8,1,gradientboosting,100.0,0.7120820557536262,0.7130902570233114,0.7184513458642455,0.7144320449697781
8,1,gradientboosting,200.0,0.7198996172909216,0.7208607292289301,0.7262837591905074,0.7221941065802039
8,1,gradientboosting,500.0,0.7221535007845699,0.7226539151225344,0.726028891296497,0.7236887627020752
8,1,extratrees,10.0,0.6712380693298781,0.6718469814704124,0.6720059149510438,0.6712800146391953
8,1,extratrees,25.0,0.7072823313593335,0.7077106993424985,0.7104924633551193,0.7086628581885139
8,1,extratrees,50.0,0.7101773585770081,0.7106993424985056,0.7139451065366558,0.7117300841181886
8,1,extratrees,100.0,0.7070408221364936,0.7077106993424985,0.7115254296189467,0.7088401296941209
8,1,extratrees,200.0,0.7029317790732337,0.7041243275552899,0.7098982437187029,0.7055405923155662
8,1,extratrees,500.0,0.7073499171170007,0.7089061566049014,0.7162725865345918,0.7105013352547278
8,2,svm,0.001,0.16379018612521154,0.32570659488559894,0.10856886496186631,0.3333333333333333
8,2,svm,0.01,0.16379018612521154,0.32570659488559894,0.10856886496186631,0.3333333333333333
8,2,svm,0.5,0.29818781769253766,0.3714670255720054,0.24656035710614801,0.38016528925619836
8,2,svm,1.0,0.2981956974323387,0.3714670255720054,0.24651111600264142,0.38016528925619836
8,2,svm,5.0,0.2993686322856792,0.3728129205921938,0.24747259945834432,0.38154269972451793
8,2,svm,10.0,0.3040744708224676,0.3714670255720054,0.37134172018107164,0.37989406171224355
8,2,svm,20.0,0.30679801453717753,0.36877523553162855,0.36198257080610025,0.3768680132316496
8,2,svm_rbf,0.001,0.16379018612521154,0.32570659488559894,0.10856886496186631,0.3333333333333333
8,2,svm_rbf,0.01,0.16379018612521154,0.32570659488559894,0.10856886496186631,0.3333333333333333
8,2,svm_rbf,0.5,0.29818781769253766,0.3714670255720054,0.24656035710614801,0.38016528925619836
8,2,svm_rbf,1.0,0.2981956974323387,0.3714670255720054,0.24651111600264142,0.38016528925619836
8,2,svm_rbf,5.0,0.2993686322856792,0.3728129205921938,0.24747259945834432,0.38154269972451793
8,2,svm_rbf,10.0,0.3040744708224676,0.3714670255720054,0.37134172018107164,0.37989406171224355
8,2,svm_rbf,20.0,0.30679801453717753,0.36877523553162855,0.36198257080610025,0.3768680132316496
8,2,randomforest,10.0,0.34702004127296293,0.3472409152086137,0.34954682289830763,0.3484103938649394
8,2,randomforest,25.0,0.3442065613490972,0.34589502018842533,0.346231049363638,0.347756256847166
8,2,randomforest,50.0,0.34104306078864416,0.3405114401076716,0.3419541255798566,0.34116170479806845
8,2,randomforest,100.0,0.34919598128868806,0.34993270524899056,0.35056654928379155,0.3517980790708064
8,2,randomforest,200.0,0.32723923689016093,0.32705248990578734,0.32752793389695817,0.32865332865332864
8,2,randomforest,500.0,0.36161263034508045,0.3633916554508748,0.3639788551479048,0.36557218375400197
8,2,gradientboosting,10.0,0.39132758950444896,0.39569313593539707,0.40442269256393176,0.3989916717189444
8,2,gradientboosting,25.0,0.39398381400657323,0.39569313593539707,0.3975656694926603,0.39817798908707996
8,2,gradientboosting,50.0,0.39273067914018317,0.39300134589502017,0.3949576128674335,0.3950615314251678
8,2,gradientboosting,100.0,0.3851609614025007,0.38492597577388965,0.38588530198886456,0.3862546135273408
8,2,gradientboosting,200.0,0.38199062478445694,0.3822341857335128,0.38252832311872903,0.3838614293159748
8,2,gradientboosting,500.0,0.3595158007670735,0.35935397039030953,0.3596750596750597,0.36026463299190575
8,2,extratrees,10.0,0.34200591776349354,0.34320323014804843,0.3457316214043402,0.34427816245998066
8,2,extratrees,25.0,0.30899808793813227,0.30955585464333785,0.31032471561567443,0.31056617420253785
8,2,extratrees,50.0,0.3148377808291498,0.3162853297442799,0.3153827490110676,0.3170011806375443
8,2,extratrees,100.0,0.3201933850855398,0.3203230148048452,0.32087567481740237,0.32059095695459333
8,2,extratrees,200.0,0.33082562827860634,0.3310901749663526,0.3321521942110177,0.3317910590637863
8,2,extratrees,500.0,0.3209520158861454,0.32166890982503366,0.32093169322964177,0.32233000414818597
8,5,svm,0.001,0.1806826434277415,0.3717872086072923,0.1239290695357641,0.3333333333333333
8,5,svm,0.01,0.1806826434277415,0.3717872086072923,0.1239290695357641,0.3333333333333333
8,5,svm,0.5,0.18533272248558716,0.3717872086072923,0.24515917295700693,0.33371496313618504
8,5,svm,1.0,0.18540257296280072,0.3717872086072923,0.23513278480165897,0.33371496313618504
8,5,svm,5.0,0.18555473306597903,0.3723849372384937,0.25740629384646224,0.3342508688167853
8,5,svm,10.0,0.18555473306597903,0.3723849372384937,0.25740629384646224,0.3342508688167853
8,5,svm,20.0,0.18555473306597903,0.3723849372384937,0.25740629384646224,0.3342508688167853
8,5,svm_rbf,0.001,0.1806826434277415,0.3717872086072923,0.1239290695357641,0.3333333333333333
8,5,svm_rbf,0.01,0.1806826434277415,0.3717872086072923,0.1239290695357641,0.3333333333333333
8,5,svm_rbf,0.5,0.18533272248558716,0.3717872086072923,0.24515917295700693,0.33371496313618504
8,5,svm_rbf,1.0,0.18540257296280072,0.3717872086072923,0.23513278480165897,0.33371496313618504
8,5,svm_rbf,5.0,0.18555473306597903,0.3723849372384937,0.25740629384646224,0.3342508688167853
8,5,svm_rbf,10.0,0.18555473306597903,0.3723849372384937,0.25740629384646224,0.3342508688167853
8,5,svm_rbf,20.0,0.18555473306597903,0.3723849372384937,0.25740629384646224,0.3342508688167853
8,5,randomforest,10.0,0.39358931683997267,0.41123729826658695,0.4022014577441592,0.4000747478038859
8,5,randomforest,25.0,0.43255993179523583,0.4465032875074716,0.44249739339264343,0.4363210245806171
8,5,randomforest,50.0,0.43407725663364766,0.44710101613867304,0.447038740305558,0.4372216140923912
8,5,randomforest,100.0,0.45456185398170873,0.46802151823072324,0.4677974111073746,0.4576896115278439
8,5,randomforest,200.0,0.4609834472946321,0.47519426180514046,0.47774831728656225,0.464287152602923
8,5,randomforest,500.0,0.47572783272470476,0.4871488344291692,0.49560733396996337,0.4770571066669971
8,5,gradientboosting,10.0,0.314037506550078,0.41123729826658695,0.4803188863497419,0.3813486573046034
8,5,gradientboosting,25.0,0.3714737388100482,0.4219964136282128,0.44599196093761306,0.40024692834662523
8,5,gradientboosting,50.0,0.4113997962510099,0.4411237298266587,0.44888608437887173,0.4247204628841457
8,5,gradientboosting,100.0,0.4300414079595895,0.44889420203227737,0.456481880743796,0.4361314594737126
8,5,gradientboosting,200.0,0.4476189228657134,0.456664674237896,0.46339872195553217,0.4481631847546556
8,5,gradientboosting,500.0,0.4554773130956116,0.4620442319187089,0.4623561764154895,0.4555514265760157
8,5,extratrees,10.0,0.419282104023891,0.43156007172743577,0.42526997025737573,0.4224161678201106
8,5,extratrees,25.0,0.4295698633720799,0.44231918708906154,0.43955018076575386,0.4326952697590651
8,5,extratrees,50.0,0.4306666120114047,0.4447101016138673,0.4444653038713757,0.43430753574241554
8,5,extratrees,100.0,0.44774602211938536,0.4584578601315003,0.46132936319036083,0.4494484664539935
8,5,extratrees,200.0,0.4482167570934455,0.4620442319187089,0.4664034116802977,0.451464691643554
8,5,extratrees,500.0,0.44324164718878944,0.4584578601315003,0.46426195164600675,0.4470983326530104
